asset.name,asset.operating_systems,compliance.audit_description,compliance.audit_file,compliance.audit_name,compliance.audit_see_also,compliance.audit_solution,compliance.info,compliance.references,compliance_result,definition.id,definition.output,definition.synopsis,first_seen,id,last_fixed,last_observed,original_compliance_result
ubuntu-desktop-2404-vdi-20260526,Ubuntu 24.04.2 LTS (Noble Numbat),,COMPLIANCE_AUDIT_UBUNTU2404_VDI_BASELINE_V1.0.0.audit,"907, Audit syscalls criticos",,Adicionar regras auditd para syscalls criticos.,setuid/setgid/socket/connect devem ser rastreados conforme baseline.,,FAILED,21157,"The command 'sh -c 'grep -RE ""setuid|setgid|socket|connect"" /etc/audit/rules.d 2>/dev/null | grep -q . && echo PASS || echo FAIL'' returned : 

FAIL",Compliance checks for Unix systems,2026-05-26T17:25:02.869Z,04a799e4-a219-5753-8b7a-c080dc3179ca,,2026-05-26T22:32:29.788Z,FAILED
ubuntu-desktop-2404-vdi-20260526,Ubuntu 24.04.2 LTS (Noble Numbat),,COMPLIANCE_AUDIT_UBUNTU2404_VDI_BASELINE_V1.0.0.audit,"502, /var/tmp com noexec,nodev,nosuid",,"Configurar /var/tmp em fstab com noexec,nodev,nosuid.","/var/tmp deve restringir execucao, devices e suid quando compativel.",,FAILED,21157,"The command 'sh -c 'findmnt -n /var/tmp -o OPTIONS 2>/dev/null | grep -Eq ""(^|,)noexec(,|$)"" && findmnt -n /var/tmp -o OPTIONS 2>/dev/null | grep -Eq ""(^|,)nodev(,|$)"" && findmnt -n /var/tmp -o OPTIONS 2>/dev/null | grep -Eq ""(^|,)nosuid(,|$)"" && echo PASS || echo FAIL'' returned : 

FAIL",Compliance checks for Unix systems,2026-05-26T17:25:02.869Z,06ab1af1-df69-5415-aa31-876ead1bd00f,,2026-05-26T22:32:29.788Z,FAILED
ubuntu-desktop-2404-vdi-20260526,Ubuntu 24.04.2 LTS (Noble Numbat),,COMPLIANCE_AUDIT_UBUNTU2404_VDI_BASELINE_V1.0.0.audit,"908, Audit /etc/sudoers changes",,Adicionar regras auditd para /etc/sudoers e /etc/sudoers.d.,Mudancas em politica sudo devem ser auditadas.,,PASSED,21157,"The command 'sh -c 'grep -RE ""(/etc/sudoers|/etc/sudoers\.d|sudoers)"" /etc/audit/rules.d 2>/dev/null | grep -q . && echo PASS || echo FAIL'' returned : 

PASS",Compliance checks for Unix systems,2026-05-26T17:25:02.869Z,084eda7c-c5bb-57cd-a835-0205efbd38d6,,2026-05-26T22:32:29.788Z,PASSED
ubuntu-desktop-2404-vdi-20260526,Ubuntu 24.04.2 LTS (Noble Numbat),,COMPLIANCE_AUDIT_UBUNTU2404_VDI_BASELINE_V1.0.0.audit,"1008, UFW instalado e ativo",,Instalar/ativar ufw ou registrar evidencia de firewall corporativo.,Firewall application base deve estar ativo ou haver controle equivalente.,,FAILED,21157,"The command 'sh -c '(dpkg -s ufw >/dev/null 2>&1 && ufw status 2>/dev/null | grep -Eiq ""Status:[[:space:]]+active"") || test -f /etc/vdi-hardening/evidence/corporate-firewall; [ $? -eq 0 ] && echo PASS || echo FAIL'' returned : 

FAIL",Compliance checks for Unix systems,2026-05-26T17:25:02.869Z,08a5fba0-ad2c-5880-b981-539d7e458698,,2026-05-26T22:32:29.788Z,FAILED
ubuntu-desktop-2404-vdi-20260526,Ubuntu 24.04.2 LTS (Noble Numbat),,COMPLIANCE_AUDIT_UBUNTU2404_VDI_BASELINE_V1.0.0.audit,"1301, Copy/paste restringido entre sessoes",,Aplicar policy Citrix e registrar evidencia local.,Restricao de clipboard entre sessoes depende de Citrix policy.,,FAILED,21157,"The command 'sh -c 'test -f /etc/vdi-hardening/evidence/citrix-copy-paste-restricted && echo PASS || echo FAIL'' returned : 

FAIL",Compliance checks for Unix systems,2026-05-26T17:25:02.869Z,0fc36b9b-b8ed-58be-b900-2fc3e5860006,,2026-05-26T22:32:29.788Z,FAILED
ubuntu-desktop-2404-vdi-20260526,Ubuntu 24.04.2 LTS (Noble Numbat),,COMPLIANCE_AUDIT_UBUNTU2404_VDI_BASELINE_V1.0.0.audit,"601, IP forwarding desabilitado",,Configurar net.ipv4.ip_forward=0.,Host VDI nao deve rotear trafego.,,PASSED,21157,"The command 'sysctl -n net.ipv4.ip_forward' returned : 

0",Compliance checks for Unix systems,2026-05-26T17:25:02.869Z,0fea44a2-fa3a-5029-b603-29651139f145,,2026-05-26T22:32:29.788Z,PASSED
ubuntu-desktop-2404-vdi-20260526,Ubuntu 24.04.2 LTS (Noble Numbat),,COMPLIANCE_AUDIT_UBUNTU2404_VDI_BASELINE_V1.0.0.audit,"901, File integrity baseline credenciais",,"Instalar/configurar AIDE para ~/.ssh, ~/.aws e ~/.docker.",AIDE/tripwire deve monitorar diretorios sensiveis de usuarios.,,FAILED,21157,"The command 'sh -c 'dpkg -s aide >/dev/null 2>&1 && grep -RE ""\.ssh|\.aws|\.docker"" /etc/aide/aide.conf /etc/aide/aide.conf.d 2>/dev/null | grep -q . && echo PASS || echo FAIL'' returned : 

FAIL",Compliance checks for Unix systems,2026-05-26T17:25:02.869Z,12fa98a9-1f11-5853-948d-4ea6d274e0d8,,2026-05-26T22:32:29.788Z,FAILED
ubuntu-desktop-2404-vdi-20260526,Ubuntu 24.04.2 LTS (Noble Numbat),,COMPLIANCE_AUDIT_UBUNTU2404_VDI_BASELINE_V1.0.0.audit,"1102, CUPS desabilitado",,Desabilitar cups.,Servico de impressao local deve estar desabilitado quando nao aprovado.,,PASSED,21157,"The command 'sh -c 'systemctl is-enabled cups 2>/dev/null | grep -Eq ""^(enabled|static)$"" && echo FAIL || echo PASS'' returned : 

PASS",Compliance checks for Unix systems,2026-05-26T17:25:02.869Z,1584e8d1-fff7-513e-a00f-0b50e0e9929c,,2026-05-26T22:32:29.788Z,PASSED
ubuntu-desktop-2404-vdi-20260526,Ubuntu 24.04.2 LTS (Noble Numbat),,COMPLIANCE_AUDIT_UBUNTU2404_VDI_BASELINE_V1.0.0.audit,"301, Docker sem --privileged",,Usar Docker rootless; manter docker.service/socket rootful desabilitados e grupo docker vazio.,Containers privilegiados nao devem ser permitidos por padrao.,,PASSED,21157,"The command 'sh -c '! systemctl is-enabled docker.service docker.socket 2>/dev/null | grep -q enabled && ( ! getent group docker >/dev/null || [ -z ""$(getent group docker | cut -d: -f4)"" ] ) && echo PASS || echo FAIL'' returned : 

PASS",Compliance checks for Unix systems,2026-05-26T17:25:02.869Z,18148fd1-224c-5f02-84b0-ebfece198e12,,2026-05-26T22:32:29.788Z,PASSED
ubuntu-desktop-2404-vdi-20260526,Ubuntu 24.04.2 LTS (Noble Numbat),,COMPLIANCE_AUDIT_UBUNTU2404_VDI_BASELINE_V1.0.0.audit,"202, ~/.aws permissoes 700/600",,Corrigir ~/.aws para dir 700 e arquivos 600.,Credenciais/configuracoes AWS devem ficar isoladas por usuario.,,FAILED,21157,"The command 'sh -c 'find /home -mindepth 2 -maxdepth 2 -type d -name .aws ! -perm 0700 -print -quit 2>/dev/null | grep -q . && echo FAIL && exit 0; find /home -path ""*/.aws/*"" -type f ! -perm 0600 -print -quit 2>/dev/null | grep -q . && echo FAIL || echo PASS'' returned : 

FAIL",Compliance checks for Unix systems,2026-05-26T17:25:02.869Z,1d4224a7-eb03-539c-8b65-887f593f565d,,2026-05-26T22:32:29.788Z,FAILED
ubuntu-desktop-2404-vdi-20260526,Ubuntu 24.04.2 LTS (Noble Numbat),,COMPLIANCE_AUDIT_UBUNTU2404_VDI_BASELINE_V1.0.0.audit,"302, Docker sem shared PID namespace",,Usar rootless Docker e validar politica de execucao de containers.,Shared PID namespace deve ser bloqueado por politica operacional.,,PASSED,21157,"The command 'sh -c '! systemctl is-enabled docker.service docker.socket 2>/dev/null | grep -q enabled && echo PASS || echo FAIL'' returned : 

PASS",Compliance checks for Unix systems,2026-05-26T17:25:02.869Z,20737591-1bd2-5bbc-a463-3bce50b17914,,2026-05-26T22:32:29.788Z,PASSED
ubuntu-desktop-2404-vdi-20260526,Ubuntu 24.04.2 LTS (Noble Numbat),,COMPLIANCE_AUDIT_UBUNTU2404_VDI_BASELINE_V1.0.0.audit,"1203, Java JDK instalado",,Instalar default-jdk e manter maven/gradle sem sudo.,JDK Java deve estar disponivel para desenvolvimento.,,PASSED,21157,"The command 'sh -c 'command -v javac >/dev/null 2>&1 && (command -v mvn >/dev/null 2>&1 || command -v gradle >/dev/null 2>&1) && echo PASS || echo FAIL'' returned : 

PASS",Compliance checks for Unix systems,2026-05-26T17:25:02.869Z,21bd7e10-8f2b-582f-b6ba-c161d4c19cf3,,2026-05-26T22:32:29.788Z,PASSED
ubuntu-desktop-2404-vdi-20260526,Ubuntu 24.04.2 LTS (Noble Numbat),,COMPLIANCE_AUDIT_UBUNTU2404_VDI_BASELINE_V1.0.0.audit,"607, Audit conexoes outbound para IPs privados",,Adicionar regra auditd de connect/socket ou registrar controle equivalente de NDR/proxy.,Movimentacao lateral deve ser detectavel.,,FAILED,21157,"The command 'sh -c 'grep -RE ""\bconnect\b|outbound_private"" /etc/audit/rules.d 2>/dev/null | grep -q . || test -f /etc/vdi-hardening/evidence/network-outbound-monitoring; [ $? -eq 0 ] && echo PASS || echo FAIL'' returned : 

FAIL",Compliance checks for Unix systems,2026-05-26T17:25:02.869Z,2247a446-8013-5e1e-bcf8-a7b31abf8ee3,,2026-05-26T22:32:29.788Z,FAILED
ubuntu-desktop-2404-vdi-20260526,Ubuntu 24.04.2 LTS (Noble Numbat),,COMPLIANCE_AUDIT_UBUNTU2404_VDI_BASELINE_V1.0.0.audit,"806, dmesg restrito",,Configurar kernel.dmesg_restrict=1.,dmesg deve ser restrito a usuarios privilegiados.,,PASSED,21157,"The command 'sysctl -n kernel.dmesg_restrict' returned : 

1",Compliance checks for Unix systems,2026-05-26T17:25:02.869Z,26582330-abdb-5246-a636-140376405d77,,2026-05-26T22:32:29.788Z,PASSED
ubuntu-desktop-2404-vdi-20260526,Ubuntu 24.04.2 LTS (Noble Numbat),,COMPLIANCE_AUDIT_UBUNTU2404_VDI_BASELINE_V1.0.0.audit,"1010, Sem servicos indevidos escutando",,Desabilitar servicos desnecessarios ou registrar excecao aprovada.,Portas comuns indevidas nao devem estar em listen.,,PASSED,21157,"The command 'sh -c 'ss -lnt 2>/dev/null | awk ""NR>1{print \$4}"" | grep -E "":(21|23|25|80|389)$"" >/dev/null && echo FAIL || echo PASS'' returned : 

PASS",Compliance checks for Unix systems,2026-05-26T17:25:02.869Z,26cad965-9c9c-53eb-ac56-c3ab46429d28,,2026-05-26T22:32:29.788Z,PASSED
ubuntu-desktop-2404-vdi-20260526,Ubuntu 24.04.2 LTS (Noble Numbat),,COMPLIANCE_AUDIT_UBUNTU2404_VDI_BASELINE_V1.0.0.audit,"303, Docker device whitelist",,Usar rootless Docker e registrar whitelist aprovada em /etc/vdi-hardening/docker-device-whitelist.conf quando aplicavel.,Acesso a devices deve ser restrito no ambiente Docker.,,PASSED,21157,"The command 'sh -c 'test -f /etc/vdi-hardening/docker-device-whitelist.conf || ! systemctl is-enabled docker.service docker.socket 2>/dev/null | grep -q enabled; [ $? -eq 0 ] && echo PASS || echo FAIL'' returned : 

PASS",Compliance checks for Unix systems,2026-05-26T17:25:02.869Z,2758420b-8d06-5b6c-add6-d7285dae5e6d,,2026-05-26T22:32:29.788Z,PASSED
ubuntu-desktop-2404-vdi-20260526,Ubuntu 24.04.2 LTS (Noble Numbat),,COMPLIANCE_AUDIT_UBUNTU2404_VDI_BASELINE_V1.0.0.audit,"108, sudo sem ALL=(ALL) ALL para devs",,Manter regras explicitas somente para vdi-admins e revisar sudoers.,Evita permissao sudo irrestrita para usuarios/desenvolvedores comuns.,,FAILED,21157,"The command 'sh -c 'grep -RE ""^[[:space:]]*([^#%]|%vdi-devs).*ALL=\(ALL(:ALL)?\)[[:space:]]+ALL"" /etc/sudoers /etc/sudoers.d 2>/dev/null | grep -Ev ""^[^:]+:[[:space:]]*%vdi-admins[[:space:]]"" | grep -q . && echo FAIL || echo PASS'' returned : 

FAIL",Compliance checks for Unix systems,2026-05-26T17:25:02.869Z,275b6ab8-c1b7-5d49-b2c5-0bd7724e06e5,,2026-05-26T22:32:29.788Z,FAILED
ubuntu-desktop-2404-vdi-20260526,Ubuntu 24.04.2 LTS (Noble Numbat),,COMPLIANCE_AUDIT_UBUNTU2404_VDI_BASELINE_V1.0.0.audit,"605, Firewall local ativo",,Instalar e ativar ufw ou registrar controle equivalente em firewall/proxy corporativo.,Firewall local deve estar ativo quando politica exigir.,,FAILED,21157,"The command 'sh -c '(command -v ufw >/dev/null 2>&1 && ufw status 2>/dev/null | grep -Eiq ""Status:[[:space:]]+active"") || test -f /etc/vdi-hardening/evidence/corporate-firewall; [ $? -eq 0 ] && echo PASS || echo FAIL'' returned : 

FAIL",Compliance checks for Unix systems,2026-05-26T17:25:02.869Z,2d18ee00-abb1-5e14-849f-62ab87b6b2f7,,2026-05-26T22:32:29.788Z,FAILED
ubuntu-desktop-2404-vdi-20260526,Ubuntu 24.04.2 LTS (Noble Numbat),,COMPLIANCE_AUDIT_UBUNTU2404_VDI_BASELINE_V1.0.0.audit,"1206, Sem credenciais cloud locais",,Usar AWS SSO/STS e Azure device login/Managed Identity; remover long-lived keys.,Nao deve haver access keys permanentes em arquivos locais.,,PASSED,21157,"The command 'sh -c 'grep -RE ""aws_access_key_id|aws_secret_access_key|client_secret|AZURE_CLIENT_SECRET"" /home/*/.aws /home/*/.azure 2>/dev/null | grep -q . && echo FAIL || echo PASS'' returned : 

PASS",Compliance checks for Unix systems,2026-05-26T17:25:02.869Z,2dfa4718-5e0b-543e-944a-380c188b71ad,,2026-05-26T22:32:29.788Z,PASSED
ubuntu-desktop-2404-vdi-20260526,Ubuntu 24.04.2 LTS (Noble Numbat),,COMPLIANCE_AUDIT_UBUNTU2404_VDI_BASELINE_V1.0.0.audit,"109, su restrito com pam_wheel",,Adicionar pam_wheel.so com grupo administrativo aprovado em /etc/pam.d/su.,Somente operadores aprovados podem usar su.,,PASSED,21157,"The command 'grep -E '^[[:space:]]*auth[[:space:]]+required[[:space:]]+pam_wheel\.so.*group=vdi-admins' /etc/pam.d/su 2>/dev/null' returned : 

auth required pam_wheel.so use_uid group=vdi-admins",Compliance checks for Unix systems,2026-05-26T17:25:02.869Z,2e3f1a2f-0d64-5d1c-84f3-7895ef35f346,,2026-05-26T22:32:29.788Z,PASSED
ubuntu-desktop-2404-vdi-20260526,Ubuntu 24.04.2 LTS (Noble Numbat),,COMPLIANCE_AUDIT_UBUNTU2404_VDI_BASELINE_V1.0.0.audit,"510, Disable ptrace para usuarios comuns",,Configurar kernel.yama.ptrace_scope >= 1.,ptrace deve ser restrito.,,PASSED,21157,"The command 'sh -c 'v=$(sysctl -n kernel.yama.ptrace_scope 2>/dev/null); [ ""${v:-0}"" -ge 1 ] && echo PASS || echo FAIL'' returned : 

PASS",Compliance checks for Unix systems,2026-05-26T17:25:02.869Z,2eefc931-a299-5637-9a90-5e1ef90a6c26,,2026-05-26T22:32:29.788Z,PASSED
ubuntu-desktop-2404-vdi-20260526,Ubuntu 24.04.2 LTS (Noble Numbat),,COMPLIANCE_AUDIT_UBUNTU2404_VDI_BASELINE_V1.0.0.audit,"1003, rsyslog ativo",,Instalar e habilitar rsyslog.,rsyslog deve estar ativo para logs classicos.,,PASSED,21157,"The command 'sh -c 'systemctl is-active rsyslog >/dev/null 2>&1 && systemctl is-enabled rsyslog >/dev/null 2>&1 && echo PASS || echo FAIL'' returned : 

PASS",Compliance checks for Unix systems,2026-05-26T17:25:02.869Z,3422002e-1797-58e5-9b3d-d319f4d11a03,,2026-05-26T22:32:29.788Z,PASSED
ubuntu-desktop-2404-vdi-20260526,Ubuntu 24.04.2 LTS (Noble Numbat),,COMPLIANCE_AUDIT_UBUNTU2404_VDI_BASELINE_V1.0.0.audit,"805, ASLR ativo",,Configurar kernel.randomize_va_space=2.,ASLR completo dificulta exploracao.,,PASSED,21157,"The command 'sysctl -n kernel.randomize_va_space' returned : 

2",Compliance checks for Unix systems,2026-05-26T17:25:02.869Z,38d42598-ff64-5ccf-8689-d84e24bd9e60,,2026-05-26T22:32:29.788Z,PASSED
ubuntu-desktop-2404-vdi-20260526,Ubuntu 24.04.2 LTS (Noble Numbat),,COMPLIANCE_AUDIT_UBUNTU2404_VDI_BASELINE_V1.0.0.audit,"403, Audit npm node_modules install",,Adicionar regra auditd para caches npm/node_modules por home ou registrar excecao operacional.,Instalacoes npm devem ser rastreaveis.,,FAILED,21157,"The command 'sh -c 'grep -RE ""\.npm|node_modules|npm_install"" /etc/audit/rules.d 2>/dev/null | grep -q . && echo PASS || echo FAIL'' returned : 

FAIL",Compliance checks for Unix systems,2026-05-26T17:25:02.869Z,3b48666a-d47b-5ac5-85de-023c2177232a,,2026-05-26T22:32:29.788Z,FAILED
ubuntu-desktop-2404-vdi-20260526,Ubuntu 24.04.2 LTS (Noble Numbat),,COMPLIANCE_AUDIT_UBUNTU2404_VDI_BASELINE_V1.0.0.audit,"902, Audit failed execve syscalls",,Adicionar regra auditd para execve com EACCES/EPERM.,Execucoes negadas devem ser auditadas.,,FAILED,21157,"The command 'sh -c 'grep -RE ""execve.*(EACCES|EPERM)|(EACCES|EPERM).*execve"" /etc/audit/rules.d 2>/dev/null | grep -q . && echo PASS || echo FAIL'' returned : 

FAIL",Compliance checks for Unix systems,2026-05-26T17:25:02.869Z,3c947400-e506-5a35-bee7-8563ebb68aa4,,2026-05-26T22:32:29.788Z,FAILED
ubuntu-desktop-2404-vdi-20260526,Ubuntu 24.04.2 LTS (Noble Numbat),,COMPLIANCE_AUDIT_UBUNTU2404_VDI_BASELINE_V1.0.0.audit,"1005, SSH ativo com PasswordAuthentication=no",,Habilitar ssh apenas se necessario e manter PasswordAuthentication no.,"Quando SSH for usado, deve aceitar somente chave publica.",,PASSED,21157,"The command 'sh -c 'if systemctl is-enabled ssh >/dev/null 2>&1; then sshd -T 2>/dev/null | grep -Eiq ""^passwordauthentication[[:space:]]+no$"" && echo PASS || echo FAIL; else echo PASS; fi'' returned : 

PASS",Compliance checks for Unix systems,2026-05-26T17:25:02.869Z,40aae86c-196b-5d95-9fd5-e5b16b3fcec5,,2026-05-26T22:32:29.788Z,PASSED
ubuntu-desktop-2404-vdi-20260526,Ubuntu 24.04.2 LTS (Noble Numbat),,COMPLIANCE_AUDIT_UBUNTU2404_VDI_BASELINE_V1.0.0.audit,"203, Audit ~/.ssh/authorized_keys changes",,Gerar regras auditd por home para .ssh/authorized_keys ou diretorio .ssh.,Alteracoes em authorized_keys devem ser auditadas.,,PASSED,21157,"The command 'sh -c 'grep -RE -- ""-w[[:space:]]+/home/.*/\.ssh([[:space:]]|/authorized_keys).*-[p][[:space:]]*wa|ssh_keys"" /etc/audit/rules.d 2>/dev/null | grep -q . && echo PASS || echo FAIL'' returned : 

PASS",Compliance checks for Unix systems,2026-05-26T17:25:02.869Z,486a0449-24ab-5d55-a004-dc8a65166cde,,2026-05-26T22:32:29.788Z,PASSED
ubuntu-desktop-2404-vdi-20260526,Ubuntu 24.04.2 LTS (Noble Numbat),,COMPLIANCE_AUDIT_UBUNTU2404_VDI_BASELINE_V1.0.0.audit,"1007, libpam-pwquality instalado",,Instalar libpam-pwquality e configurar pwquality.conf.,Complexidade de senha deve ser validada quando houver senha local.,,PASSED,21157,"The command 'sh -c 'dpkg -s libpam-pwquality >/dev/null 2>&1 && echo PASS || echo FAIL'' returned : 

PASS",Compliance checks for Unix systems,2026-05-26T17:25:02.869Z,4aa7a75b-4fb6-5341-b959-68abd46b5edd,,2026-05-26T22:32:29.788Z,PASSED
ubuntu-desktop-2404-vdi-20260526,Ubuntu 24.04.2 LTS (Noble Numbat),,COMPLIANCE_AUDIT_UBUNTU2404_VDI_BASELINE_V1.0.0.audit,"904, Audit mmap PROT_EXEC na home",,Adicionar regra/evidencia de EDR para mmap PROT_EXEC em /home.,Execucao dinamica na home deve ser detectavel.,,FAILED,21157,"The command 'sh -c 'grep -RE ""mmap.*PROT_EXEC.*home|home_exec"" /etc/audit/rules.d 2>/dev/null | grep -q . || test -f /etc/vdi-hardening/evidence/edr-mmap-home; [ $? -eq 0 ] && echo PASS || echo FAIL'' returned : 

FAIL",Compliance checks for Unix systems,2026-05-26T17:25:02.869Z,4dceaaa3-19d7-56d2-b19b-aba6cd098765,,2026-05-26T22:32:29.788Z,FAILED
ubuntu-desktop-2404-vdi-20260526,Ubuntu 24.04.2 LTS (Noble Numbat),,COMPLIANCE_AUDIT_UBUNTU2404_VDI_BASELINE_V1.0.0.audit,"703, Audit su attempts",,Adicionar regra auditd para /bin/su ou /usr/bin/su.,Tentativas de su devem ser auditadas.,,PASSED,21157,"The command 'sh -c 'grep -RE ""(/bin/su|/usr/bin/su|su_exec)"" /etc/audit/rules.d 2>/dev/null | grep -q . && echo PASS || echo FAIL'' returned : 

PASS",Compliance checks for Unix systems,2026-05-26T17:25:02.869Z,5059d78b-ad01-5be5-9fa2-46226446e280,,2026-05-26T22:32:29.788Z,PASSED
ubuntu-desktop-2404-vdi-20260526,Ubuntu 24.04.2 LTS (Noble Numbat),,COMPLIANCE_AUDIT_UBUNTU2404_VDI_BASELINE_V1.0.0.audit,"1002, auditd ativo e persistente",,Instalar e habilitar auditd.,Auditd deve iniciar no boot.,,PASSED,21157,"The command 'sh -c 'systemctl is-active auditd >/dev/null 2>&1 && systemctl is-enabled auditd >/dev/null 2>&1 && echo PASS || echo FAIL'' returned : 

PASS",Compliance checks for Unix systems,2026-05-26T17:25:02.869Z,553b8201-9c52-5012-a206-44e0ae24df48,,2026-05-26T22:32:29.788Z,PASSED
ubuntu-desktop-2404-vdi-20260526,Ubuntu 24.04.2 LTS (Noble Numbat),,COMPLIANCE_AUDIT_UBUNTU2404_VDI_BASELINE_V1.0.0.audit,"504, Sticky bit em dirs publicos",,Aplicar chmod 1777 em /tmp e /var/tmp; corrigir demais diretorios world-writable.,Diretorios publicos world-writable devem ter sticky bit.,,PASSED,21157,"The command 'sh -c 'find /tmp /var/tmp -maxdepth 0 -type d ! -perm -1000 -print -quit 2>/dev/null | grep -q . && echo FAIL || echo PASS'' returned : 

PASS",Compliance checks for Unix systems,2026-05-26T17:25:02.869Z,5ba73aec-29b8-5ae9-99e0-a62b542641e3,,2026-05-26T22:32:29.788Z,PASSED
ubuntu-desktop-2404-vdi-20260526,Ubuntu 24.04.2 LTS (Noble Numbat),,COMPLIANCE_AUDIT_UBUNTU2404_VDI_BASELINE_V1.0.0.audit,"701, Cron desabilitado para usuarios comuns",,Criar /etc/cron.allow somente com root e remover cron.deny permissivo.,Cron deve ser restrito a root/contas aprovadas.,,FAILED,21157,"The command 'sh -c 'test -f /etc/cron.allow && grep -qx root /etc/cron.allow && [ ""$(grep -Ev ""^(root|#|$)"" /etc/cron.allow | wc -l)"" -eq 0 ] && echo PASS || echo FAIL'' returned : 

FAIL",Compliance checks for Unix systems,2026-05-26T17:25:02.869Z,5bc7653b-248a-5045-b737-6f6f20ef1391,,2026-05-26T22:32:29.788Z,FAILED
ubuntu-desktop-2404-vdi-20260526,Ubuntu 24.04.2 LTS (Noble Numbat),,COMPLIANCE_AUDIT_UBUNTU2404_VDI_BASELINE_V1.0.0.audit,"609, TCP syncookies ativo",,Configurar net.ipv4.tcp_syncookies=1.,Syncookies protegem contra SYN flood.,,PASSED,21157,"The command 'sysctl -n net.ipv4.tcp_syncookies' returned : 

1",Compliance checks for Unix systems,2026-05-26T17:25:02.869Z,5c4e2dac-1a61-5210-981f-a01c651714d5,,2026-05-26T22:32:29.788Z,PASSED
ubuntu-desktop-2404-vdi-20260526,Ubuntu 24.04.2 LTS (Noble Numbat),,COMPLIANCE_AUDIT_UBUNTU2404_VDI_BASELINE_V1.0.0.audit,"1006, AIDE configurado",,"Instalar aide, inicializar baseline e agendar verificacoes periodicas.",AIDE deve estar instalado e agendado.,,FAILED,21157,"The command 'sh -c 'dpkg -s aide >/dev/null 2>&1 && (systemctl list-timers 2>/dev/null | grep -qi aide || grep -REqi ""aide"" /etc/cron.* /etc/systemd/system 2>/dev/null) && echo PASS || echo FAIL'' returned : 

FAIL",Compliance checks for Unix systems,2026-05-26T17:25:02.869Z,5f117369-cca4-5aac-921b-76f532575414,,2026-05-26T22:32:29.788Z,FAILED
ubuntu-desktop-2404-vdi-20260526,Ubuntu 24.04.2 LTS (Noble Numbat),,COMPLIANCE_AUDIT_UBUNTU2404_VDI_BASELINE_V1.0.0.audit,"201, ~/.ssh permissoes 700/600",,Executar vdi-fix-user-home-perms e corrigir ~/.ssh para dir 700 e arquivos 600.,Chaves SSH de usuarios nao devem ser lidas por outros usuarios.,,PASSED,21157,"The command 'sh -c 'find /home -mindepth 2 -maxdepth 2 -type d -name .ssh ! -perm 0700 -print -quit 2>/dev/null | grep -q . && echo FAIL && exit 0; find /home -path ""*/.ssh/*"" -type f ! -perm 0600 -print -quit 2>/dev/null | grep -q . && echo FAIL || echo PASS'' returned : 

PASS",Compliance checks for Unix systems,2026-05-26T17:25:02.869Z,63a346d6-58d4-5cf8-8777-c35f28bb111a,,2026-05-26T22:32:29.788Z,PASSED
ubuntu-desktop-2404-vdi-20260526,Ubuntu 24.04.2 LTS (Noble Numbat),,COMPLIANCE_AUDIT_UBUNTU2404_VDI_BASELINE_V1.0.0.audit,"1306, Session lock ate reauth",,Aplicar policy Citrix/desktop lock que exija reauth e registrar evidencia local.,Sessao bloqueada deve exigir reautenticacao.,,FAILED,21157,"The command 'sh -c 'grep -REiq ""lock-enabled|disable-lock-screen[[:space:]]*=[[:space:]]*false"" /etc/dconf/db /etc/dconf/profile 2>/dev/null || test -f /etc/vdi-hardening/evidence/session-lock-reauth; [ $? -eq 0 ] && echo PASS || echo FAIL'' returned : 

FAIL",Compliance checks for Unix systems,2026-05-26T17:25:02.869Z,66e3ca00-099c-55eb-9cf1-321fa8a465e3,,2026-05-26T22:32:29.788Z,FAILED
ubuntu-desktop-2404-vdi-20260526,Ubuntu 24.04.2 LTS (Noble Numbat),,COMPLIANCE_AUDIT_UBUNTU2404_VDI_BASELINE_V1.0.0.audit,"704, sudo requer password",,Remover NOPASSWD de sudoers exceto excecoes formalmente aprovadas.,Sudo nao deve permitir NOPASSWD para usuarios comuns.,,FAILED,21157,"The command 'sh -c 'grep -REi ""^[^#].*NOPASSWD"" /etc/sudoers /etc/sudoers.d 2>/dev/null | grep -q . && echo FAIL || echo PASS'' returned : 

FAIL",Compliance checks for Unix systems,2026-05-26T17:25:02.869Z,69c947a2-8138-5f2b-aae6-d0a0b4d03d05,,2026-05-26T22:32:29.788Z,FAILED
ubuntu-desktop-2404-vdi-20260526,Ubuntu 24.04.2 LTS (Noble Numbat),,COMPLIANCE_AUDIT_UBUNTU2404_VDI_BASELINE_V1.0.0.audit,"207, Audit ~/.bashrc/.bash_profile changes",,"Gerar regras auditd por home para .bashrc, .bash_profile e .profile.",Inicializadores bash devem ser monitorados contra hijack de PATH/alias.,,PASSED,21157,"The command 'sh -c 'grep -RE -- ""-w[[:space:]]+/home/.*/\.(bashrc|bash_profile|profile).*-[p][[:space:]]*wa|shell_init"" /etc/audit/rules.d 2>/dev/null | grep -q . && echo PASS || echo FAIL'' returned : 

PASS",Compliance checks for Unix systems,2026-05-26T17:25:02.869Z,6e1a1477-7099-5e9f-aed7-19010d98aca9,,2026-05-26T22:32:29.788Z,PASSED
ubuntu-desktop-2404-vdi-20260526,Ubuntu 24.04.2 LTS (Noble Numbat),,COMPLIANCE_AUDIT_UBUNTU2404_VDI_BASELINE_V1.0.0.audit,"1009, Sem servicos legados",,Purgar pacotes legados de rede.,"Telnet, rsh, rlogin, tftp e similares devem estar ausentes.",,PASSED,21157,"The command 'sh -c 'dpkg-query -W -f=""${binary:Package} ${Status}\n"" telnetd inetutils-telnet rsh-client rsh-server rlogin talk talkd tftpd-hpa vsftpd 2>/dev/null | grep -q ""install ok installed"" && echo FAIL || echo PASS'' returned : 

sh: 1: Bad substitution
PASS",Compliance checks for Unix systems,2026-05-26T17:25:02.869Z,6fa7edcc-be4a-5091-a746-05d070dbbb3c,,2026-05-26T22:32:29.788Z,PASSED
ubuntu-desktop-2404-vdi-20260526,Ubuntu 24.04.2 LTS (Noble Numbat),,COMPLIANCE_AUDIT_UBUNTU2404_VDI_BASELINE_V1.0.0.audit,"905, Audit open files em passwd shadow",,Adicionar regras auditd para /etc/passwd e /etc/shadow.,Acesso a bases de identidade deve ser auditado.,,PASSED,21157,"The command 'sh -c 'grep -RE ""(/etc/passwd|/etc/shadow)"" /etc/audit/rules.d 2>/dev/null | grep -q . && echo PASS || echo FAIL'' returned : 

PASS",Compliance checks for Unix systems,2026-05-26T17:25:02.869Z,739977cf-8f7a-5b43-8492-d9a474b74828,,2026-05-26T22:32:29.788Z,PASSED
ubuntu-desktop-2404-vdi-20260526,Ubuntu 24.04.2 LTS (Noble Numbat),,COMPLIANCE_AUDIT_UBUNTU2404_VDI_BASELINE_V1.0.0.audit,"103, Root sem login local",,Bloquear senha do root ou definir shell nologin.,Conta root nao deve permitir login interativo local.,,PASSED,21157,"The command 'sh -c '(passwd -S root 2>/dev/null | grep -Eq ""^[^[:space:]]+[[:space:]]+(L|LK)[[:space:]]"" || getent passwd root | cut -d: -f7 | grep -Eq ""(/usr)?/sbin/nologin|/bin/false"") && echo PASS || echo FAIL'' returned : 

PASS",Compliance checks for Unix systems,2026-05-26T17:25:02.869Z,775d2a1d-0c7c-5875-9bca-dd4a72fc69b1,,2026-05-26T22:32:29.788Z,PASSED
ubuntu-desktop-2404-vdi-20260526,Ubuntu 24.04.2 LTS (Noble Numbat),,COMPLIANCE_AUDIT_UBUNTU2404_VDI_BASELINE_V1.0.0.audit,"1001, AppArmor ativo",,Instalar e habilitar apparmor.,Mandatory Access Control deve estar ativo.,,PASSED,21157,"The command 'sh -c 'aa-enabled >/dev/null 2>&1 && systemctl is-active apparmor >/dev/null 2>&1 && echo PASS || echo FAIL'' returned : 

PASS",Compliance checks for Unix systems,2026-05-26T17:25:02.869Z,788ad4e0-afdb-57a1-93e6-8992b9b035a7,,2026-05-26T22:32:29.788Z,PASSED
ubuntu-desktop-2404-vdi-20260526,Ubuntu 24.04.2 LTS (Noble Numbat),,COMPLIANCE_AUDIT_UBUNTU2404_VDI_BASELINE_V1.0.0.audit,"705, Resource limits configurados",,Configurar /etc/security/limits.d/90-vdi-dev.conf com nproc/nofile/core.,Limites de recurso reduzem DoS local.,,PASSED,21157,"The command 'sh -c 'grep -REq ""^[^#].*[[:space:]]+hard[[:space:]]+nproc[[:space:]]+[1-9]"" /etc/security/limits.conf /etc/security/limits.d 2>/dev/null && grep -REq ""^[^#].*[[:space:]]+hard[[:space:]]+nofile[[:space:]]+[1-9]"" /etc/security/limits.conf /etc/security/limits.d 2>/dev/null && echo PASS || echo FAIL'' returned : 

PASS",Compliance checks for Unix systems,2026-05-26T17:25:02.869Z,7c6fede6-9bef-5782-8ee3-4c0e8218b235,,2026-05-26T22:32:29.788Z,PASSED
ubuntu-desktop-2404-vdi-20260526,Ubuntu 24.04.2 LTS (Noble Numbat),,COMPLIANCE_AUDIT_UBUNTU2404_VDI_BASELINE_V1.0.0.audit,"105, Sem usuarios compartilhados",,Remover contas duplicadas/compartilhadas locais e usar identidade nominal via AD.,Usuarios humanos locais devem ter UID unico e conta individual.,,PASSED,21157,"The command 'sh -c 'cut -d: -f3 /etc/passwd | sort | uniq -d | grep -q . && echo FAIL || echo PASS'' returned : 

PASS",Compliance checks for Unix systems,2026-05-26T17:25:02.869Z,869f6f06-5560-5955-8cb5-b9e60e334616,,2026-05-26T22:32:29.788Z,PASSED
ubuntu-desktop-2404-vdi-20260526,Ubuntu 24.04.2 LTS (Noble Numbat),,COMPLIANCE_AUDIT_UBUNTU2404_VDI_BASELINE_V1.0.0.audit,"906, Audit module load/unload",,Adicionar regras auditd para init_module/delete_module/finit_module e modprobe.,Carga/remocao de modulos deve ser auditada.,,PASSED,21157,"The command 'sh -c 'grep -RE ""init_module|delete_module|finit_module|modprobe"" /etc/audit/rules.d 2>/dev/null | grep -q . && echo PASS || echo FAIL'' returned : 

PASS",Compliance checks for Unix systems,2026-05-26T17:25:02.869Z,8c398581-edc1-5411-9ec4-e237e2a78ab3,,2026-05-26T22:32:29.788Z,PASSED
ubuntu-desktop-2404-vdi-20260526,Ubuntu 24.04.2 LTS (Noble Numbat),,COMPLIANCE_AUDIT_UBUNTU2404_VDI_BASELINE_V1.0.0.audit,"102, Restricao login por grupo",,Configurar /etc/sssd/sssd.conf com access_provider=ad e controlar acesso por realm permit/grupos.,Somente usuarios/grupos aprovados devem autenticar via SSSD.,,FAILED,21157,"The command 'sh -c 'test -f /etc/sssd/sssd.conf && grep -Eiq ""^[[:space:]]*access_provider[[:space:]]*=[[:space:]]*ad"" /etc/sssd/sssd.conf && (realm list 2>/dev/null | grep -Eiq ""permitted-(groups|logins):[[:space:]]*[^[:space:]]"" || grep -Eiq ""(ad_access_filter|simple_allow_groups|realm permit)"" /etc/sssd/sssd.conf /etc/sssd/sssd.conf.template 2>/dev/null) && echo PASS || echo FAIL'' returned : 

FAIL",Compliance checks for Unix systems,2026-05-26T17:25:02.869Z,8c3cb60c-cfd3-58cf-9c39-cf18e26c482c,,2026-05-26T22:32:29.788Z,FAILED
ubuntu-desktop-2404-vdi-20260526,Ubuntu 24.04.2 LTS (Noble Numbat),,COMPLIANCE_AUDIT_UBUNTU2404_VDI_BASELINE_V1.0.0.audit,"509, Disable core dumps",,Configurar fs.suid_dumpable=0 e limits core 0.,Core dumps devem ser bloqueados.,,FAILED,21157,"The command 'sh -c 'sysctl -n fs.suid_dumpable 2>/dev/null | grep -qx 0 && grep -REq ""^[^#].*[[:space:]]+(hard|soft)[[:space:]]+core[[:space:]]+0"" /etc/security/limits.conf /etc/security/limits.d 2>/dev/null && echo PASS || echo FAIL'' returned : 

FAIL",Compliance checks for Unix systems,2026-05-26T17:25:02.869Z,8c5fb822-9b03-5dbd-93fc-0300e405b599,,2026-05-26T22:32:29.788Z,FAILED
ubuntu-desktop-2404-vdi-20260526,Ubuntu 24.04.2 LTS (Noble Numbat),,COMPLIANCE_AUDIT_UBUNTU2404_VDI_BASELINE_V1.0.0.audit,"402, Audit ~/.m2 maven repository",,Adicionar regra auditd para /home/*/.m2.,Repositorio Maven local deve ter trilha de auditoria.,,FAILED,21157,"The command 'sh -c 'grep -RE ""\.m2|maven_repo"" /etc/audit/rules.d 2>/dev/null | grep -q . && echo PASS || echo FAIL'' returned : 

FAIL",Compliance checks for Unix systems,2026-05-26T17:25:02.869Z,8d8e60e6-da75-5c15-bb63-67019e3091f6,,2026-05-26T22:32:29.788Z,FAILED
ubuntu-desktop-2404-vdi-20260526,Ubuntu 24.04.2 LTS (Noble Numbat),,COMPLIANCE_AUDIT_UBUNTU2404_VDI_BASELINE_V1.0.0.audit,"208, Audit .zshrc/.zsh_profile changes",,Gerar regras auditd por home para .zshrc/.zsh_profile ou registrar excecao aprovada.,Inicializadores zsh devem ser monitorados quando zsh estiver disponivel.,,PASSED,21157,"The command 'sh -c 'if command -v zsh >/dev/null 2>&1; then grep -RE -- ""-w[[:space:]]+/home/.*/\.(zshrc|zsh_profile).*-[p][[:space:]]*wa|shell_init"" /etc/audit/rules.d 2>/dev/null | grep -q . && echo PASS || echo FAIL; else echo PASS; fi'' returned : 

PASS",Compliance checks for Unix systems,2026-05-26T17:25:02.869Z,923075a0-535c-5185-a721-d02aa00fc329,,2026-05-26T22:32:29.788Z,PASSED
ubuntu-desktop-2404-vdi-20260526,Ubuntu 24.04.2 LTS (Noble Numbat),,COMPLIANCE_AUDIT_UBUNTU2404_VDI_BASELINE_V1.0.0.audit,"1303, Drive mapping local desabilitado",,Aplicar policy Citrix e registrar evidencia local.,Mapeamento de drives locais deve ser bloqueado por Citrix policy.,,FAILED,21157,"The command 'sh -c 'test -f /etc/vdi-hardening/evidence/citrix-drive-mapping-disabled && echo PASS || echo FAIL'' returned : 

FAIL",Compliance checks for Unix systems,2026-05-26T17:25:02.869Z,962a7f44-c515-51be-9b52-d967eb44bb16,,2026-05-26T22:32:29.788Z,FAILED
ubuntu-desktop-2404-vdi-20260526,Ubuntu 24.04.2 LTS (Noble Numbat),,COMPLIANCE_AUDIT_UBUNTU2404_VDI_BASELINE_V1.0.0.audit,"604, rp_filter ativo",,Configurar net.ipv4.conf.all.rp_filter=1.,rp_filter reduz spoofing.,,PASSED,21157,"The command 'sysctl -n net.ipv4.conf.all.rp_filter' returned : 

1",Compliance checks for Unix systems,2026-05-26T17:25:02.869Z,96655440-69a8-54ce-b153-ba8913576405,,2026-05-26T22:32:29.788Z,PASSED
ubuntu-desktop-2404-vdi-20260526,Ubuntu 24.04.2 LTS (Noble Numbat),,COMPLIANCE_AUDIT_UBUNTU2404_VDI_BASELINE_V1.0.0.audit,"1105, LDAP server ausente",,Remover slapd/openldap server.,Servidor LDAP local nao deve estar instalado.,,PASSED,21157,"The command 'sh -c 'dpkg -s slapd >/dev/null 2>&1 && echo FAIL || echo PASS'' returned : 

PASS",Compliance checks for Unix systems,2026-05-26T17:25:02.869Z,9c1bbd80-8c32-590b-a357-a145d13a64f0,,2026-05-26T22:32:29.788Z,PASSED
ubuntu-desktop-2404-vdi-20260526,Ubuntu 24.04.2 LTS (Noble Numbat),,COMPLIANCE_AUDIT_UBUNTU2404_VDI_BASELINE_V1.0.0.audit,"1106, USB redirection desabilitado",,Bloquear usb_storage e/ou registrar policy Citrix em evidencia.,Redirecionamento USB deve ser bloqueado por modulo ou policy Citrix.,,PASSED,21157,"The command 'sh -c '(modprobe -n -v usb_storage 2>/dev/null | grep -Eq ""install[[:space:]]+/bin/(false|true)"") || test -f /etc/vdi-hardening/evidence/citrix-usb-redirection-disabled; [ $? -eq 0 ] && echo PASS || echo FAIL'' returned : 

PASS",Compliance checks for Unix systems,2026-05-26T17:25:02.869Z,9ca90e25-ea96-5281-824a-21cfad65efc8,,2026-05-26T22:32:29.788Z,PASSED
ubuntu-desktop-2404-vdi-20260526,Ubuntu 24.04.2 LTS (Noble Numbat),,COMPLIANCE_AUDIT_UBUNTU2404_VDI_BASELINE_V1.0.0.audit,"602, Redirects desabilitados",,Configurar accept_redirects=0 em all/default.,ICMP redirects devem ser desabilitados.,,PASSED,21157,"The command 'sh -c 'sysctl -n net.ipv4.conf.all.accept_redirects net.ipv4.conf.default.accept_redirects 2>/dev/null | grep -qx 1 && echo FAIL || echo PASS'' returned : 

PASS",Compliance checks for Unix systems,2026-05-26T17:25:02.869Z,9efbc6be-3bca-59d7-8601-e23260ae8717,,2026-05-26T22:32:29.788Z,PASSED
ubuntu-desktop-2404-vdi-20260526,Ubuntu 24.04.2 LTS (Noble Numbat),,COMPLIANCE_AUDIT_UBUNTU2404_VDI_BASELINE_V1.0.0.audit,"706, ulimit enforced no login",,Garantir pam_limits.so em common-session/common-session-noninteractive.,PAM limits deve ser carregado em sessoes de login.,,FAILED,21157,"The command 'grep -REq '^[[:space:]]*session[[:space:]]+required[[:space:]]+pam_limits\.so' /etc/pam.d/common-session /etc/pam.d/common-session-noninteractive 2>/dev/null && echo PASS || echo FAIL' returned : 

FAIL",Compliance checks for Unix systems,2026-05-26T17:25:02.869Z,a096155a-e687-541c-8bdf-a7f734fedcab,,2026-05-26T22:32:29.788Z,FAILED
ubuntu-desktop-2404-vdi-20260526,Ubuntu 24.04.2 LTS (Noble Numbat),,COMPLIANCE_AUDIT_UBUNTU2404_VDI_BASELINE_V1.0.0.audit,"507, ~/.cache permissoes 700",,Executar vdi-fix-user-home-perms e corrigir permissoes.,~/.cache deve ficar isolado por usuario.,,PASSED,21157,"The command 'sh -c 'find /home -mindepth 2 -maxdepth 2 -type d -name .cache ! -perm 0700 -print -quit 2>/dev/null | grep -q . && echo FAIL || echo PASS'' returned : 

PASS",Compliance checks for Unix systems,2026-05-26T17:25:02.869Z,a0b75eaa-b25c-546c-ac7d-8623b1830cc8,,2026-05-26T22:32:29.788Z,PASSED
ubuntu-desktop-2404-vdi-20260526,Ubuntu 24.04.2 LTS (Noble Numbat),,COMPLIANCE_AUDIT_UBUNTU2404_VDI_BASELINE_V1.0.0.audit,"404, Sem pip system-wide global",,Configurar /etc/pip.conf com require-virtualenv=true.,pip global deve exigir virtualenv para evitar poluicao do sistema.,,PASSED,21157,"The command 'grep -Eiq '^[[:space:]]*require-virtualenv[[:space:]]*=[[:space:]]*true' /etc/pip.conf /etc/xdg/pip/pip.conf 2>/dev/null && echo PASS || echo FAIL' returned : 

PASS",Compliance checks for Unix systems,2026-05-26T17:25:02.869Z,a2043851-e1a6-576c-b05a-3ffcbbef6c9b,,2026-05-26T22:32:29.788Z,PASSED
ubuntu-desktop-2404-vdi-20260526,Ubuntu 24.04.2 LTS (Noble Numbat),,COMPLIANCE_AUDIT_UBUNTU2404_VDI_BASELINE_V1.0.0.audit,"903, Audit mmap PROT_EXEC em /tmp",,Adicionar regra auditd/eBPF/EDR equivalente ou registrar evidencia do controle.,Execucao dinamica em /tmp deve ser detectavel.,,FAILED,21157,"The command 'sh -c 'grep -RE ""mmap.*PROT_EXEC.*tmp|tmp_exec"" /etc/audit/rules.d 2>/dev/null | grep -q . || test -f /etc/vdi-hardening/evidence/edr-mmap-tmp; [ $? -eq 0 ] && echo PASS || echo FAIL'' returned : 

FAIL",Compliance checks for Unix systems,2026-05-26T17:25:02.869Z,a21d9998-831d-5842-bfe5-fa9f334390ff,,2026-05-26T22:32:29.788Z,FAILED
ubuntu-desktop-2404-vdi-20260526,Ubuntu 24.04.2 LTS (Noble Numbat),,COMPLIANCE_AUDIT_UBUNTU2404_VDI_BASELINE_V1.0.0.audit,"702, at/batch desabilitado para usuarios comuns",,Criar /etc/at.allow somente com root ou remover pacote at se nao usado.,at/batch deve ser restrito a root/contas aprovadas.,,PASSED,21157,"The command 'sh -c 'if command -v at >/dev/null 2>&1; then test -f /etc/at.allow && grep -qx root /etc/at.allow && [ ""$(grep -Ev ""^(root|#|$)"" /etc/at.allow | wc -l)"" -eq 0 ] && echo PASS || echo FAIL; else echo PASS; fi'' returned : 

PASS",Compliance checks for Unix systems,2026-05-26T17:25:02.869Z,a246adbb-cd41-5a4a-b148-eba2e9161692,,2026-05-26T22:32:29.788Z,PASSED
ubuntu-desktop-2404-vdi-20260526,Ubuntu 24.04.2 LTS (Noble Numbat),,COMPLIANCE_AUDIT_UBUNTU2404_VDI_BASELINE_V1.0.0.audit,"606, UFW egress default DENY",,Configurar ufw default deny outgoing ou registrar evidencia de controle egress corporativo.,Saida deve ser negada por padrao ou controlada por firewall/proxy corporativo.,,FAILED,21157,"The command 'sh -c '(ufw status verbose 2>/dev/null | grep -Eiq ""Default:.*deny[[:space:]]+\(outgoing\)"") || test -f /etc/vdi-hardening/evidence/corporate-egress-filter; [ $? -eq 0 ] && echo PASS || echo FAIL'' returned : 

FAIL",Compliance checks for Unix systems,2026-05-26T17:25:02.869Z,a3608392-8fb3-534c-891e-2d2b147b22ea,,2026-05-26T22:32:29.788Z,FAILED
ubuntu-desktop-2404-vdi-20260526,Ubuntu 24.04.2 LTS (Noble Numbat),,COMPLIANCE_AUDIT_UBUNTU2404_VDI_BASELINE_V1.0.0.audit,"802, Audit /lib*/ld*.so.*",,Adicionar regra auditd para dynamic loader ou baseline AIDE.,Dynamic loader deve ter trilha de auditoria.,,FAILED,21157,"The command 'sh -c 'grep -RE ""ld.*\.so|dynamic_loader"" /etc/audit/rules.d 2>/dev/null | grep -q . || grep -RE ""/lib.*/ld.*\.so"" /etc/aide/aide.conf /etc/aide/aide.conf.d 2>/dev/null | grep -q .; [ $? -eq 0 ] && echo PASS || echo FAIL'' returned : 

FAIL",Compliance checks for Unix systems,2026-05-26T17:25:02.869Z,afccc426-1cb8-5fbb-bae0-f6679dfc3179,,2026-05-26T22:32:29.788Z,FAILED
ubuntu-desktop-2404-vdi-20260526,Ubuntu 24.04.2 LTS (Noble Numbat),,COMPLIANCE_AUDIT_UBUNTU2404_VDI_BASELINE_V1.0.0.audit,"803, Audit /boot ou /efi",,Adicionar regra auditd para /boot e /boot/efi.,Bootloader deve ser monitorado contra tamper.,,PASSED,21157,"The command 'sh -c 'grep -RE -- ""-w[[:space:]]+/(boot|boot/efi)|boot"" /etc/audit/rules.d 2>/dev/null | grep -q . && echo PASS || echo FAIL'' returned : 

PASS",Compliance checks for Unix systems,2026-05-26T17:25:02.869Z,b10d0ab4-2afd-5324-a9ec-eb29b4d7a032,,2026-05-26T22:32:29.788Z,PASSED
ubuntu-desktop-2404-vdi-20260526,Ubuntu 24.04.2 LTS (Noble Numbat),,COMPLIANCE_AUDIT_UBUNTU2404_VDI_BASELINE_V1.0.0.audit,"305, Audit docker exec commands",,Adicionar regra auditd para binario docker/rootless docker.,Uso de docker exec deve ser auditado.,,FAILED,21157,"The command 'sh -c 'grep -RE ""(/usr/bin/docker|docker_exec)"" /etc/audit/rules.d 2>/dev/null | grep -q . && echo PASS || echo FAIL'' returned : 

FAIL",Compliance checks for Unix systems,2026-05-26T17:25:02.869Z,b1d349f9-42f4-533b-9444-079ab3aaf048,,2026-05-26T22:32:29.788Z,FAILED
ubuntu-desktop-2404-vdi-20260526,Ubuntu 24.04.2 LTS (Noble Numbat),,COMPLIANCE_AUDIT_UBUNTU2404_VDI_BASELINE_V1.0.0.audit,"608, Audit conexoes ports >1024 nao-whitelisted",,Adicionar auditoria de connect/socket ou evidencia de controle egress corporativo.,Tunelamento/exfiltracao deve ser detectavel.,,FAILED,21157,"The command 'sh -c 'grep -RE ""\bconnect\b|egress_high_ports"" /etc/audit/rules.d 2>/dev/null | grep -q . || test -f /etc/vdi-hardening/evidence/corporate-egress-filter; [ $? -eq 0 ] && echo PASS || echo FAIL'' returned : 

FAIL",Compliance checks for Unix systems,2026-05-26T17:25:02.869Z,b3998a31-0597-59de-9b42-1adf28f917a3,,2026-05-26T22:32:29.788Z,FAILED
ubuntu-desktop-2404-vdi-20260526,Ubuntu 24.04.2 LTS (Noble Numbat),,COMPLIANCE_AUDIT_UBUNTU2404_VDI_BASELINE_V1.0.0.audit,"501, /tmp com noexec,nodev,nosuid",,"Configurar /tmp dedicado ou tmp.mount/fstab com noexec,nodev,nosuid.","/tmp deve restringir execucao, devices e suid quando compativel.",,FAILED,21157,"The command 'sh -c 'findmnt -n /tmp -o OPTIONS 2>/dev/null | grep -Eq ""(^|,)noexec(,|$)"" && findmnt -n /tmp -o OPTIONS 2>/dev/null | grep -Eq ""(^|,)nodev(,|$)"" && findmnt -n /tmp -o OPTIONS 2>/dev/null | grep -Eq ""(^|,)nosuid(,|$)"" && echo PASS || echo FAIL'' returned : 

FAIL",Compliance checks for Unix systems,2026-05-26T17:25:02.869Z,b3a693c4-4ea8-5fe8-afbb-36a3b469fc1e,,2026-05-26T22:32:29.788Z,FAILED
ubuntu-desktop-2404-vdi-20260526,Ubuntu 24.04.2 LTS (Noble Numbat),,COMPLIANCE_AUDIT_UBUNTU2404_VDI_BASELINE_V1.0.0.audit,"801, Audit /etc/ld.so.conf changes",,Adicionar regra auditd para /etc/ld.so.conf e /etc/ld.so.conf.d.,Alteracoes em caminhos de bibliotecas devem ser auditadas.,,FAILED,21157,"The command 'sh -c 'grep -RE ""(/etc/ld\.so\.conf|ld_so_conf)"" /etc/audit/rules.d 2>/dev/null | grep -q . && echo PASS || echo FAIL'' returned : 

FAIL",Compliance checks for Unix systems,2026-05-26T17:25:02.869Z,b4d7c8a0-2464-5ae2-816d-8e5d444e58a9,,2026-05-26T22:32:29.788Z,FAILED
ubuntu-desktop-2404-vdi-20260526,Ubuntu 24.04.2 LTS (Noble Numbat),,COMPLIANCE_AUDIT_UBUNTU2404_VDI_BASELINE_V1.0.0.audit,"804, Immutable flag em audit rules",,"Adicionar -e 2 apos validacao das regras, ou registrar excecao operacional.",Regras auditd devem ser imutaveis em runtime quando politica exigir.,,FAILED,21157,"The command 'sh -c 'auditctl -s 2>/dev/null | grep -Eq ""enabled[[:space:]]+2"" || grep -REq ""^-e[[:space:]]+2"" /etc/audit/rules.d 2>/dev/null; [ $? -eq 0 ] && echo PASS || echo FAIL'' returned : 

FAIL",Compliance checks for Unix systems,2026-05-26T17:25:02.869Z,b56e74e7-12c6-5790-b4e1-7ae20bf9bf9c,,2026-05-26T22:32:29.788Z,FAILED
ubuntu-desktop-2404-vdi-20260526,Ubuntu 24.04.2 LTS (Noble Numbat),,COMPLIANCE_AUDIT_UBUNTU2404_VDI_BASELINE_V1.0.0.audit,"807, kptr restrito",,Configurar kernel.kptr_restrict=2.,Exposicao de ponteiros de kernel deve ser restringida.,,PASSED,21157,"The command 'sysctl -n kernel.kptr_restrict' returned : 

2",Compliance checks for Unix systems,2026-05-26T17:25:02.869Z,b6a0b3ed-288c-5dc5-881f-ef30f60f261f,,2026-05-26T22:32:29.788Z,PASSED
ubuntu-desktop-2404-vdi-20260526,Ubuntu 24.04.2 LTS (Noble Numbat),,COMPLIANCE_AUDIT_UBUNTU2404_VDI_BASELINE_V1.0.0.audit,"1305, Session lock apos 15min inatividade",,Aplicar policy Citrix e/ou dconf/gnome idle-delay de 900 segundos.,Sessao deve bloquear apos 15 minutos.,,FAILED,21157,"The command 'sh -c 'grep -RE ""idle-delay.*uint32 900|lock-delay.*uint32 0"" /etc/dconf/db /etc/dconf/profile 2>/dev/null | grep -q . || test -f /etc/vdi-hardening/evidence/session-lock-15min; [ $? -eq 0 ] && echo PASS || echo FAIL'' returned : 

FAIL",Compliance checks for Unix systems,2026-05-26T17:25:02.869Z,b79c8c72-1474-5afe-8c64-2724286d0492,,2026-05-26T22:32:29.788Z,FAILED
ubuntu-desktop-2404-vdi-20260526,Ubuntu 24.04.2 LTS (Noble Numbat),,COMPLIANCE_AUDIT_UBUNTU2404_VDI_BASELINE_V1.0.0.audit,"1104, postfix desabilitado",,Remover/desabilitar postfix ou restringir a loopback quando aprovado.,MTA local nao deve atuar como relay.,,PASSED,21157,"The command 'sh -c 'systemctl is-enabled postfix 2>/dev/null | grep -Eq ""^(enabled|static)$"" && echo FAIL || echo PASS'' returned : 

PASS",Compliance checks for Unix systems,2026-05-26T17:25:02.869Z,ba2c0806-58b3-5ba2-921b-58404fa54d57,,2026-05-26T22:32:29.788Z,PASSED
ubuntu-desktop-2404-vdi-20260526,Ubuntu 24.04.2 LTS (Noble Numbat),,COMPLIANCE_AUDIT_UBUNTU2404_VDI_BASELINE_V1.0.0.audit,"205, ~/.git-credentials protegido",,Preferir credential helper/SSO; remover tokens persistentes ou aplicar chmod 600.,"Tokens Git em texto claro devem ser evitados; se existirem, permissao maxima 600.",,PASSED,21157,"The command 'sh -c 'find /home -maxdepth 2 -type f -name .git-credentials ! -perm 0600 -print -quit 2>/dev/null | grep -q . && echo FAIL || echo PASS'' returned : 

PASS",Compliance checks for Unix systems,2026-05-26T17:25:02.869Z,bc5ad2f9-cb0a-5360-be01-22d5621b1414,,2026-05-26T22:32:29.788Z,PASSED
ubuntu-desktop-2404-vdi-20260526,Ubuntu 24.04.2 LTS (Noble Numbat),,COMPLIANCE_AUDIT_UBUNTU2404_VDI_BASELINE_V1.0.0.audit,"110, Fora de grupo wheel",,Nao usar wheel no Ubuntu VDI; manter vdi-admins como grupo aprovado.,Grupo wheel nao deve virar caminho administrativo padrao.,,PASSED,21157,"The command 'sh -c 'if getent group wheel >/dev/null; then [ -z ""$(getent group wheel | cut -d: -f4)"" ] && echo PASS || echo FAIL; else echo PASS; fi'' returned : 

PASS",Compliance checks for Unix systems,2026-05-26T17:25:02.869Z,be2388ce-a900-58c0-b83d-bc77622af1f0,,2026-05-26T22:32:29.788Z,PASSED
ubuntu-desktop-2404-vdi-20260526,Ubuntu 24.04.2 LTS (Noble Numbat),,COMPLIANCE_AUDIT_UBUNTU2404_VDI_BASELINE_V1.0.0.audit,"401, Audit ~/.local/lib site-packages Python",,Adicionar regra auditd para /home/*/.local/lib ou equivalente por home.,Dependencias Python instaladas pelo usuario devem ter trilha de auditoria.,,FAILED,21157,"The command 'sh -c 'grep -RE ""\.local/lib|python_user_lib"" /etc/audit/rules.d 2>/dev/null | grep -q . && echo PASS || echo FAIL'' returned : 

FAIL",Compliance checks for Unix systems,2026-05-26T17:25:02.869Z,be4988dc-d85d-5da7-866e-6b94f5293ab9,,2026-05-26T22:32:29.788Z,FAILED
ubuntu-desktop-2404-vdi-20260526,Ubuntu 24.04.2 LTS (Noble Numbat),,COMPLIANCE_AUDIT_UBUNTU2404_VDI_BASELINE_V1.0.0.audit,"1205, AWS CLI instalado",,Instalar awscli e orientar uso de credenciais temporarias.,AWS CLI deve estar instalado para uso com SSO/STS.,,PASSED,21157,"The command 'command -v aws >/dev/null 2>&1 && echo PASS || echo FAIL' returned : 

PASS",Compliance checks for Unix systems,2026-05-26T17:25:02.869Z,c5b01975-3c81-55ca-bbb0-c2910266312e,,2026-05-26T22:32:29.788Z,PASSED
ubuntu-desktop-2404-vdi-20260526,Ubuntu 24.04.2 LTS (Noble Numbat),,COMPLIANCE_AUDIT_UBUNTU2404_VDI_BASELINE_V1.0.0.audit,"1201, gcc/make instalados",,Instalar build-essential/gcc/g++/make e manter devs fora de sudo.,Toolchain C/C++ deve estar disponivel sem conceder sudo a dev.,,PASSED,21157,"The command 'sh -c 'command -v gcc >/dev/null 2>&1 && command -v make >/dev/null 2>&1 || exit 1; for u in $(getent group vdi-devs 2>/dev/null | cut -d: -f4 | tr , "" ""); do id -nG ""$u"" 2>/dev/null | grep -Eq ""(^| )sudo( |$)"" && exit 1; done; echo PASS' || echo FAIL' returned : 

PASS",Compliance checks for Unix systems,2026-05-26T17:25:02.869Z,c64ecf07-c9b2-55b0-b0a9-d27d388683a2,,2026-05-26T22:32:29.788Z,PASSED
ubuntu-desktop-2404-vdi-20260526,Ubuntu 24.04.2 LTS (Noble Numbat),,COMPLIANCE_AUDIT_UBUNTU2404_VDI_BASELINE_V1.0.0.audit,"1202, python runtime instalado",,Instalar python3/python3-venv/pipx e configurar require-virtualenv.,Python 3 deve existir; pip global deve ser bloqueado.,,PASSED,21157,"The command 'sh -c 'command -v python3 >/dev/null 2>&1 && dpkg -s python3-venv pipx >/dev/null 2>&1 && grep -Eiq ""^[[:space:]]*require-virtualenv[[:space:]]*=[[:space:]]*true"" /etc/pip.conf /etc/xdg/pip/pip.conf 2>/dev/null && echo PASS || echo FAIL'' returned : 

PASS",Compliance checks for Unix systems,2026-05-26T17:25:02.869Z,c68205c8-6b71-54b6-9d7b-468b4c6ce2b1,,2026-05-26T22:32:29.788Z,PASSED
ubuntu-desktop-2404-vdi-20260526,Ubuntu 24.04.2 LTS (Noble Numbat),,COMPLIANCE_AUDIT_UBUNTU2404_VDI_BASELINE_V1.0.0.audit,"1103, avahi-daemon desabilitado",,Desabilitar avahi-daemon.,Descoberta mDNS deve estar desabilitada.,,PASSED,21157,"The command 'sh -c 'systemctl is-enabled avahi-daemon 2>/dev/null | grep -Eq ""^(enabled|static)$"" && echo FAIL || echo PASS'' returned : 

PASS",Compliance checks for Unix systems,2026-05-26T17:25:02.869Z,c84366fb-644e-5438-9a1d-e46935f945e3,,2026-05-26T22:32:29.788Z,PASSED
ubuntu-desktop-2404-vdi-20260526,Ubuntu 24.04.2 LTS (Noble Numbat),,COMPLIANCE_AUDIT_UBUNTU2404_VDI_BASELINE_V1.0.0.audit,"1101, Bluetooth desabilitado",,Desabilitar e mascarar bluetooth se presente.,Bluetooth deve estar desabilitado.,,PASSED,21157,"The command 'sh -c 'systemctl is-enabled bluetooth 2>/dev/null | grep -Eq ""^(enabled|static)$"" && echo FAIL || echo PASS'' returned : 

PASS",Compliance checks for Unix systems,2026-05-26T17:25:02.869Z,ca8baef4-1bbe-5168-a4e0-bafacb1e0ccc,,2026-05-26T22:32:29.788Z,PASSED
ubuntu-desktop-2404-vdi-20260526,Ubuntu 24.04.2 LTS (Noble Numbat),,COMPLIANCE_AUDIT_UBUNTU2404_VDI_BASELINE_V1.0.0.audit,"106, UID 0 exclusivo ao root",,Remover qualquer conta extra com UID 0.,Apenas root pode possuir UID 0.,,PASSED,21157,"The command 'awk -F: '$3==0{print $1}' /etc/passwd' returned : 

root",Compliance checks for Unix systems,2026-05-26T17:25:02.869Z,cac3cdd8-ba47-54c2-9978-e64216efdba6,,2026-05-26T22:32:29.788Z,PASSED
ubuntu-desktop-2404-vdi-20260526,Ubuntu 24.04.2 LTS (Noble Numbat),,COMPLIANCE_AUDIT_UBUNTU2404_VDI_BASELINE_V1.0.0.audit,"503, /dev/shm com noexec,nodev,nosuid",,"Configurar tmpfs /dev/shm com noexec,nodev,nosuid.","/dev/shm deve restringir execucao, devices e suid.",,FAILED,21157,"The command 'sh -c 'findmnt -n /dev/shm -o OPTIONS 2>/dev/null | grep -Eq ""(^|,)noexec(,|$)"" && findmnt -n /dev/shm -o OPTIONS 2>/dev/null | grep -Eq ""(^|,)nodev(,|$)"" && findmnt -n /dev/shm -o OPTIONS 2>/dev/null | grep -Eq ""(^|,)nosuid(,|$)"" && echo PASS || echo FAIL'' returned : 

FAIL",Compliance checks for Unix systems,2026-05-26T17:25:02.869Z,cb0a9692-5c1c-5b78-8f3f-56304a40eaf4,,2026-05-26T22:32:29.788Z,FAILED
ubuntu-desktop-2404-vdi-20260526,Ubuntu 24.04.2 LTS (Noble Numbat),,COMPLIANCE_AUDIT_UBUNTU2404_VDI_BASELINE_V1.0.0.audit,"104, Root sem login SSH",,Configurar PermitRootLogin no em sshd_config ou drop-in.,Root nao deve autenticar por SSH.,,FAILED,21157,"The command 'sh -c 'sshd -T 2>/dev/null | grep -Eiq ""^permitrootlogin[[:space:]]+no$"" && echo PASS || echo FAIL'' returned : 

FAIL",Compliance checks for Unix systems,2026-05-26T17:25:02.869Z,d188f380-d256-56c9-8b52-c6c1f702b490,,2026-05-26T22:32:29.788Z,FAILED
ubuntu-desktop-2404-vdi-20260526,Ubuntu 24.04.2 LTS (Noble Numbat),,COMPLIANCE_AUDIT_UBUNTU2404_VDI_BASELINE_V1.0.0.audit,"1204, Docker instalado com restricoes",,"Instalar Docker/rootless deps, desabilitar docker rootful e manter grupo docker vazio.",Docker deve ser rootless/restrito.,,PASSED,21157,"The command 'sh -c 'dpkg -s docker.io uidmap rootlesskit >/dev/null 2>&1 && ! systemctl is-enabled docker.service docker.socket 2>/dev/null | grep -q enabled && ( ! getent group docker >/dev/null || [ -z ""$(getent group docker | cut -d: -f4)"" ] ) && echo PASS || echo FAIL'' returned : 

PASS",Compliance checks for Unix systems,2026-05-26T17:25:02.869Z,d2f1af01-ab87-5c0e-9b78-b64817036a7e,,2026-05-26T22:32:29.788Z,PASSED
ubuntu-desktop-2404-vdi-20260526,Ubuntu 24.04.2 LTS (Noble Numbat),,COMPLIANCE_AUDIT_UBUNTU2404_VDI_BASELINE_V1.0.0.audit,"1302, Clipboard sync desabilitado com host",,Aplicar policy Citrix e registrar evidencia local.,Sincronizacao de clipboard com host deve estar desabilitada por Citrix policy.,,FAILED,21157,"The command 'sh -c 'test -f /etc/vdi-hardening/evidence/citrix-clipboard-sync-disabled && echo PASS || echo FAIL'' returned : 

FAIL",Compliance checks for Unix systems,2026-05-26T17:25:02.869Z,d53cd25f-98d8-5e19-a6e5-cfd08edd9178,,2026-05-26T22:32:29.788Z,FAILED
ubuntu-desktop-2404-vdi-20260526,Ubuntu 24.04.2 LTS (Noble Numbat),,COMPLIANCE_AUDIT_UBUNTU2404_VDI_BASELINE_V1.0.0.audit,"107, sudo restrito a grupo",,Usar grupo vdi-admins e garantir que vdi-devs nao esteja em sudo/admin/docker.,Sudo deve estar restrito a grupos administrativos aprovados.,,PASSED,21157,"The command 'sh -c 'grep -REiq ""^[[:space:]]*%vdi-admins[[:space:]]+ALL="" /etc/sudoers /etc/sudoers.d 2>/dev/null || exit 1; for u in $(getent group vdi-devs 2>/dev/null | cut -d: -f4 | tr , "" ""); do id -nG ""$u"" 2>/dev/null | grep -Eq ""(^| )(sudo|admin|docker)( |$)"" && exit 1; done; echo PASS' || echo FAIL' returned : 

PASS",Compliance checks for Unix systems,2026-05-26T17:25:02.869Z,da3fd9f1-a885-54bb-af70-5141df36f7af,,2026-05-26T22:32:29.788Z,PASSED
ubuntu-desktop-2404-vdi-20260526,Ubuntu 24.04.2 LTS (Noble Numbat),,COMPLIANCE_AUDIT_UBUNTU2404_VDI_BASELINE_V1.0.0.audit,"306, Audit /var/lib/docker filesystem",,Adicionar regra auditd para /var/lib/docker quando Docker rootful existir.,Tamper em imagens/layers Docker deve ser detectavel.,,FAILED,21157,"The command 'sh -c 'if [ -d /var/lib/docker ]; then grep -RE -- ""-w[[:space:]]+/var/lib/docker|docker_fs"" /etc/audit/rules.d 2>/dev/null | grep -q . && echo PASS || echo FAIL; else echo PASS; fi'' returned : 

FAIL",Compliance checks for Unix systems,2026-05-26T17:25:02.869Z,dd8263e8-5110-5fa5-a09c-a40891a069d3,,2026-05-26T22:32:29.788Z,FAILED
ubuntu-desktop-2404-vdi-20260526,Ubuntu 24.04.2 LTS (Noble Numbat),,COMPLIANCE_AUDIT_UBUNTU2404_VDI_BASELINE_V1.0.0.audit,"603, Source route desabilitado",,Configurar accept_source_route=0 em all/default.,Source route deve ser bloqueado.,,PASSED,21157,"The command 'sh -c 'sysctl -n net.ipv4.conf.all.accept_source_route net.ipv4.conf.default.accept_source_route 2>/dev/null | grep -qx 1 && echo FAIL || echo PASS'' returned : 

PASS",Compliance checks for Unix systems,2026-05-26T17:25:02.869Z,dee25640-5b60-5899-8cfc-ce60bcfd3479,,2026-05-26T22:32:29.788Z,PASSED
ubuntu-desktop-2404-vdi-20260526,Ubuntu 24.04.2 LTS (Noble Numbat),,COMPLIANCE_AUDIT_UBUNTU2404_VDI_BASELINE_V1.0.0.audit,"1304, Audit Citrix session events",,Habilitar logs Citrix VDA/syslog e registrar evidencia local.,Eventos de sessao Citrix devem ser auditados.,,FAILED,21157,"The command 'sh -c '(systemctl list-unit-files 2>/dev/null | grep -Eiq ""ctx(vda|logd)"" && grep -REiq ""ctx|citrix"" /etc/rsyslog.d /etc/audit/rules.d 2>/dev/null) || test -f /etc/vdi-hardening/evidence/citrix-session-audit; [ $? -eq 0 ] && echo PASS || echo FAIL'' returned : 

FAIL",Compliance checks for Unix systems,2026-05-26T17:25:02.869Z,df025303-502d-5f0b-ad06-d4bb5e713e25,,2026-05-26T22:32:29.788Z,FAILED
ubuntu-desktop-2404-vdi-20260526,Ubuntu 24.04.2 LTS (Noble Numbat),,COMPLIANCE_AUDIT_UBUNTU2404_VDI_BASELINE_V1.0.0.audit,"206, ~/.netrc nao existir ou 600",,Remover .netrc ou aplicar chmod 600 e ownership correto.,.netrc deve estar ausente ou restrito.,,PASSED,21157,"The command 'sh -c 'find /home -maxdepth 2 -type f -name .netrc ! -perm 0600 -print -quit 2>/dev/null | grep -q . && echo FAIL || echo PASS'' returned : 

PASS",Compliance checks for Unix systems,2026-05-26T17:25:02.869Z,ed7330d9-0c60-5c8c-af57-ad3481e09c33,,2026-05-26T22:32:29.788Z,PASSED
ubuntu-desktop-2404-vdi-20260526,Ubuntu 24.04.2 LTS (Noble Numbat),,COMPLIANCE_AUDIT_UBUNTU2404_VDI_BASELINE_V1.0.0.audit,"1004, journald ativo",,Configurar Storage=persistent em journald.,journald deve estar ativo e persistente.,,PASSED,21157,"The command 'sh -c 'systemctl is-active systemd-journald >/dev/null 2>&1 && grep -REiq ""^[[:space:]]*Storage[[:space:]]*=[[:space:]]*persistent"" /etc/systemd/journald.conf /etc/systemd/journald.conf.d 2>/dev/null && echo PASS || echo FAIL'' returned : 

PASS",Compliance checks for Unix systems,2026-05-26T17:25:02.869Z,f0a60efb-ec45-5e62-bd73-829f28c9dce5,,2026-05-26T22:32:29.788Z,PASSED
ubuntu-desktop-2404-vdi-20260526,Ubuntu 24.04.2 LTS (Noble Numbat),,COMPLIANCE_AUDIT_UBUNTU2404_VDI_BASELINE_V1.0.0.audit,"506, ~/.local permissoes 700",,Executar vdi-fix-user-home-perms e corrigir permissoes.,~/.local deve ficar isolado por usuario.,,PASSED,21157,"The command 'sh -c 'find /home -mindepth 2 -maxdepth 2 -type d -name .local ! -perm 0700 -print -quit 2>/dev/null | grep -q . && echo FAIL || echo PASS'' returned : 

PASS",Compliance checks for Unix systems,2026-05-26T17:25:02.869Z,f0e22d66-a00b-5a2f-bf0e-8036564b6172,,2026-05-26T22:32:29.788Z,PASSED
ubuntu-desktop-2404-vdi-20260526,Ubuntu 24.04.2 LTS (Noble Numbat),,COMPLIANCE_AUDIT_UBUNTU2404_VDI_BASELINE_V1.0.0.audit,"508, Disable swap ou encrypt swap",,Desabilitar swap ou usar swap criptografada.,Swap nao deve expor credenciais em disco.,,FAILED,21157,"The command 'sh -c 'if swapon --noheadings --show=NAME 2>/dev/null | grep -q .; then swapon --noheadings --show=NAME | while read s; do lsblk -no TYPE ""$s"" 2>/dev/null; done | grep -q crypt && echo PASS || echo FAIL; else echo PASS; fi'' returned : 

FAIL",Compliance checks for Unix systems,2026-05-26T17:25:02.869Z,f1138d16-614f-579b-b3ef-0e48fee258b6,,2026-05-26T22:32:29.788Z,FAILED
ubuntu-desktop-2404-vdi-20260526,Ubuntu 24.04.2 LTS (Noble Numbat),,COMPLIANCE_AUDIT_UBUNTU2404_VDI_BASELINE_V1.0.0.audit,"505, Home encryption com LUKS",,Usar LUKS para volume de home ou registrar evidencia aprovada em /etc/vdi-hardening/evidence/home-encryption.,Home deve estar em volume criptografado ou ter evidencia corporativa equivalente.,,FAILED,21157,"The command 'sh -c 'findmnt -n /home -o SOURCE 2>/dev/null | xargs -r lsblk -no TYPE 2>/dev/null | grep -q crypt || test -f /etc/vdi-hardening/evidence/home-encryption; [ $? -eq 0 ] && echo PASS || echo FAIL'' returned : 

FAIL",Compliance checks for Unix systems,2026-05-26T17:25:02.869Z,f3054e91-9eef-5df9-a4ba-e6488bd2535b,,2026-05-26T22:32:29.788Z,FAILED
ubuntu-desktop-2404-vdi-20260526,Ubuntu 24.04.2 LTS (Noble Numbat),,COMPLIANCE_AUDIT_UBUNTU2404_VDI_BASELINE_V1.0.0.audit,"304, AppArmor profile para Docker",,Garantir AppArmor ativo e perfis Docker disponiveis.,Docker deve operar com AppArmor/enforcement de MAC.,,PASSED,21157,"The command 'sh -c 'aa-enabled >/dev/null 2>&1 && (test -f /etc/apparmor.d/docker || apparmor_status 2>/dev/null | grep -qi docker || ! systemctl is-enabled docker.service docker.socket 2>/dev/null | grep -q enabled) && echo PASS || echo FAIL'' returned : 

PASS",Compliance checks for Unix systems,2026-05-26T17:25:02.869Z,fb5c6d05-1aa3-5e7c-a4a2-fa2deb219b69,,2026-05-26T22:32:29.788Z,PASSED
ubuntu-desktop-2404-vdi-20260526,Ubuntu 24.04.2 LTS (Noble Numbat),,COMPLIANCE_AUDIT_UBUNTU2404_VDI_BASELINE_V1.0.0.audit,"101, Realmd + SSSD",,"Instalar realmd, sssd e pacotes auxiliares; configurar realm join conforme dominio corporativo.",Identidade centralizada via AD com realmd/SSSD.,,PASSED,21157,"The command 'sh -c 'for p in realmd sssd sssd-tools libnss-sss libpam-sss adcli; do dpkg -s ""$p"" >/dev/null 2>&1 || exit 1; done' && echo PASS || echo FAIL' returned : 

PASS",Compliance checks for Unix systems,2026-05-26T17:25:02.869Z,fb633d5b-d221-53ba-ac04-87edbde38225,,2026-05-26T22:32:29.788Z,PASSED
ubuntu-desktop-2404-vdi-20260526,Ubuntu 24.04.2 LTS (Noble Numbat),,COMPLIANCE_AUDIT_UBUNTU2404_VDI_BASELINE_V1.0.0.audit,"204, Audit ~/.aws/credentials changes",,Gerar regras auditd por home para .aws/credentials ou diretorio .aws.,Alteracoes em credenciais AWS devem ser auditadas.,,PASSED,21157,"The command 'sh -c 'grep -RE -- ""-w[[:space:]]+/home/.*/\.aws([[:space:]]|/credentials).*-[p][[:space:]]*wa|aws_creds"" /etc/audit/rules.d 2>/dev/null | grep -q . && echo PASS || echo FAIL'' returned : 

PASS",Compliance checks for Unix systems,2026-05-26T17:25:02.869Z,fd078629-3403-54e3-b919-a7b0ee24d53e,,2026-05-26T22:32:29.788Z,PASSED
